,##gene ID,in_nonref,in_ref
0,AAEL014684,False,False
1,AAEL014678,False,False
2,AAEL014893,False,False
3,AAEL001054,False,False
4,AAEL007473,False,False
5,AAEL010382,False,False
6,AAEL007962,False,False
7,AAEL001807,False,False
8,AAEL009131,False,False
9,AAEL009130,False,False
10,AAEL009127,False,False
11,AAEL009124,False,False
12,AAEL010500,False,False
13,AAEL001312,False,False
14,AAEL001320,False,False
15,AAEL003380,False,False
16,AAEL014203,False,False
17,AAEL021732,False,False
18,AAEL023266,False,False
19,AAEL014605,False,False
20,AAEL014615,False,False
21,AAEL014609,False,False
22,AAEL014617,False,False
23,AAEL001288,False,False
24,AAEL005112,False,False
25,AAEL006798,False,False
26,AAEL008846,False,False
27,AAEL014616,False,False
28,AAEL015264,False,False
