TE_information,count_1/1_Senegal,frequency_Senegal,count_1/1_Colombia,frequency_Colombia,frequency_diff
AaegL5_2_187648265_187648891_rnd_5_family_586_Unknown_+,0,0.0,24,1.0,1.0
AaegL5_3_136164172_136164782_rnd_1_family_377_DNA_TcMar_-,0,0.0,24,1.0,1.0
AaegL5_3_16016866_16017490_rnd_5_family_586_Unknown_+,0,0.0,24,1.0,1.0
AaegL5_3_103234463_103235164_rnd_4_family_371_DNA_hAT_hATx_+,0,0.0,24,1.0,1.0
AaegL5_1_268565314_268566004_rnd_6_family_2293_Unknown_span_268565314_268566004_-,0,0.0,24,1.0,1.0
AaegL5_3_104917882_104918517_rnd_1_family_698_Unknown_-,0,0.0,24,1.0,1.0
AaegL5_2_285061503_285062289_rnd_1_family_83_DNA_-,0,0.0,24,1.0,1.0
AaegL5_3_403213951_403214730_rnd_1_family_123_DNA_-,0,0.0,24,1.0,1.0
AaegL5_1_154944798_154945405_rnd_1_family_1589_Unknown_span_154944798_154945405_-,0,0.0,24,1.0,1.0
AaegL5_3_133520458_133521080_rnd_4_family_1277_Unknown_+,0,0.0,24,1.0,1.0
